{"pill1.JPG2382825":{"filename":"pill1.JPG","size":2382825,"regions":[{"shape_attributes":{"name":"circle","cx":1151,"cy":1879,"r":264},"region_attributes":{"name":"pill4"}},{"shape_attributes":{"name":"polygon","all_points_x":[659,749,805,862,1002,1080,1118,1127,1094,1023,898,778,665,599,552,549,549,573,599,656],"all_points_y":[793,820,838,856,916,951,990,1056,1118,1151,1109,1062,1008,975,936,898,847,817,796,793]},"region_attributes":{"name":"pill1"}},{"shape_attributes":{"name":"polygon","all_points_x":[1646,1742,1780,1891,1897,1885,1864,1810,1760,1712,1643,1584,1551,1476,1470,1503,1542,1616,1646],"all_points_y":[1014,1154,1214,1399,1437,1497,1518,1551,1545,1527,1420,1321,1244,1130,1065,1014,987,993,1011]},"region_attributes":{"name":"pill2"}},{"shape_attributes":{"name":"polygon","all_points_x":[2338,2529,2612,2750,2809,2866,2881,2848,2806,2744,2595,2559,2529,2502,2442,2317,2267,2252,2278],"all_points_y":[904,898,889,886,901,951,1011,1080,1106,1112,1115,1121,1124,1118,1121,1112,1062,999,942]},"region_attributes":{"name":"pill3"}},{"shape_attributes":{"name":"circle","cx":1980,"cy":2451,"r":201},"region_attributes":{"name":"pill5"}}],"file_attributes":{}},"pill2.JPG2800374":{"filename":"pill2.JPG","size":2800374,"regions":[{"shape_attributes":{"name":"circle","cx":1906,"cy":1348,"r":237},"region_attributes":{"name":"pill4"}},{"shape_attributes":{"name":"circle","cx":1578,"cy":2338,"r":174},"region_attributes":{"name":"pill5"}},{"shape_attributes":{"name":"polygon","all_points_x":[1142,1068,1008,1017,1062,1121,1178,1264,1324,1336,1333,1303,1247,1205,1172],"all_points_y":[1097,1291,1443,1524,1560,1572,1542,1372,1199,1154,1094,1071,1047,1047,1059]},"region_attributes":{"name":"pill1"}},{"shape_attributes":{"name":"polygon","all_points_x":[2171,2231,2314,2326,2377,2425,2478,2508,2511,2493,2445,2371,2329,2275,2222,2168],"all_points_y":[1706,1870,2049,2085,2120,2117,2108,2061,2004,1924,1816,1685,1625,1596,1596,1628]},"region_attributes":{"name":"pill3"}},{"shape_attributes":{"name":"polygon","all_points_x":[2439,2434,2454,2514,2612,2654,2750,2839,2899,2943,2970,2976,2935,2881,2553,2481,2454],"all_points_y":[823,877,927,963,1005,1032,1071,1097,1109,1083,1038,969,919,895,760,766,802]},"region_attributes":{"name":"pill2"}}],"file_attributes":{}},"pill3.JPG2875260":{"filename":"pill3.JPG","size":2875260,"regions":[{"shape_attributes":{"name":"circle","cx":1420,"cy":889,"r":241},"region_attributes":{"name":"pill4"}},{"shape_attributes":{"name":"circle","cx":1172,"cy":2356,"r":185},"region_attributes":{"name":"pill5"}},{"shape_attributes":{"name":"polygon","all_points_x":[1840,1598,1601,1658,1745,2001,2031,1944,1885],"all_points_y":[1324,1616,1709,1760,1754,1461,1348,1285,1285]},"region_attributes":{"name":"pill1"}},{"shape_attributes":{"name":"polygon","all_points_x":[2553,2717,2779,2875,2926,2926,2854,2765,2693,2609,2544,2544],"all_points_y":[957,1288,1345,1339,1291,1220,1068,913,814,814,880,919]},"region_attributes":{"name":"pill2"}},{"shape_attributes":{"name":"polygon","all_points_x":[2290,2568,2595,2556,2493,2431,2398,2168,2141,2165,2231],"all_points_y":[1730,2034,2126,2180,2204,2189,2156,1876,1798,1730,1706]},"region_attributes":{"name":"pill3"}}],"file_attributes":{}},"pill4.JPG3117045":{"filename":"pill4.JPG","size":3117045,"regions":[{"shape_attributes":{"name":"circle","cx":1333,"cy":778,"r":181},"region_attributes":{"name":"pill5"}},{"shape_attributes":{"name":"circle","cx":1837,"cy":2439,"r":258},"region_attributes":{"name":"pill4"}},{"shape_attributes":{"name":"polygon","all_points_x":[1250,963,939,969,1032,1089,1405,1437,1348],"all_points_y":[1363,1652,1730,1783,1813,1804,1527,1414,1342]},"region_attributes":{"name":"pill1"}},{"shape_attributes":{"name":"polygon","all_points_x":[1819,1730,1733,1813,2192,2275,2335,2323,2278,1986],"all_points_y":[1089,1151,1232,1291,1369,1357,1294,1223,1154,1115]},"region_attributes":{"name":"pill2"}},{"shape_attributes":{"name":"polygon","all_points_x":[2735,2729,2526,2478,2481,2511,2568,2636,2955,2976,2935,2830],"all_points_y":[1387,1402,1607,1655,1736,1783,1795,1786,1500,1411,1348,1327]},"region_attributes":{"name":"pill3"}}],"file_attributes":{}},"pill5.JPG3060726":{"filename":"pill5.JPG","size":3060726,"regions":[{"shape_attributes":{"name":"circle","cx":1026,"cy":1163,"r":183},"region_attributes":{"name":"pill5"}},{"shape_attributes":{"name":"polygon","all_points_x":[1509,1545,1566,1619,1697,1760,1780,1712,1646,1575,1536],"all_points_y":[1303,1584,1724,1771,1780,1736,1652,1273,1211,1214,1253]},"region_attributes":{"name":"pill1"}},{"shape_attributes":{"name":"polygon","all_points_x":[1867,2135,2204,2275,2272,2231,2183,1792,1727,1703,1721,1768],"all_points_y":[599,647,677,737,811,868,883,802,760,674,623,596]},"region_attributes":{"name":"pill2"}},{"shape_attributes":{"name":"polygon","all_points_x":[2329,2267,2293,2669,2750,2815,2842,2791,2374],"all_points_y":[1533,1596,1694,1864,1882,1849,1774,1682,1527]},"region_attributes":{"name":"pill3"}},{"shape_attributes":{"name":"circle","cx":1557,"cy":2374,"r":259},"region_attributes":{"name":"pill4"}}],"file_attributes":{}},"pill6.JPG2957451":{"filename":"pill6.JPG","size":2957451,"regions":[{"shape_attributes":{"name":"circle","cx":1452,"cy":2261,"r":276},"region_attributes":{"name":"pill4"}},{"shape_attributes":{"name":"circle","cx":1974,"cy":1619,"r":189},"region_attributes":{"name":"pill5"}},{"shape_attributes":{"name":"polygon","all_points_x":[1306,913,880,942,1014,1408,1464,1443,1366],"all_points_y":[1190,1411,1500,1569,1587,1393,1324,1226,1187]},"region_attributes":{"name":"pill1"}},{"shape_attributes":{"name":"polygon","all_points_x":[1864,1798,1792,1870,1983,2344,2404,2386,2296,1974],"all_points_y":[808,856,948,1017,1002,916,829,749,698,781]},"region_attributes":{"name":"pill2"}},{"shape_attributes":{"name":"polygon","all_points_x":[2601,2499,2487,2517,2935,3018,3066,3087,3030,2672],"all_points_y":[1584,1625,1697,1768,1953,1947,1909,1858,1757,1607]},"region_attributes":{"name":"pill3"}}],"file_attributes":{}},"pill7.JPG3116025":{"filename":"pill7.JPG","size":3116025,"regions":[{"shape_attributes":{"name":"circle","cx":1938,"cy":868,"r":162},"region_attributes":{"name":"pill5"}},{"shape_attributes":{"name":"circle","cx":2171,"cy":2299,"r":234},"region_attributes":{"name":"pill4"}},{"shape_attributes":{"name":"polygon","all_points_x":[1876,1509,1437,1408,1431,1804,1885,1950,1924,1882],"all_points_y":[1452,1363,1396,1458,1530,1616,1634,1554,1485,1452]},"region_attributes":{"name":"pill2"}},{"shape_attributes":{"name":"polygon","all_points_x":[2762,2681,2651,2690,3039,3113,3149,3161,3125,2955],"all_points_y":[1250,1285,1348,1431,1566,1569,1524,1464,1402,1327]},"region_attributes":{"name":"pill3"}},{"shape_attributes":{"name":"polygon","all_points_x":[1008,919,883,874,999,1118,1208,1282,1330,1309,1142],"all_points_y":[1810,1801,1852,1932,2046,2159,2198,2183,2138,2052,1921]},"region_attributes":{"name":"pill1"}}],"file_attributes":{}},"pill8.JPG2872521":{"filename":"pill8.JPG","size":2872521,"regions":[{"shape_attributes":{"name":"circle","cx":1160,"cy":1285,"r":241},"region_attributes":{"name":"pill4"}},{"shape_attributes":{"name":"circle","cx":2499,"cy":2126,"r":180},"region_attributes":{"name":"pill5"}},{"shape_attributes":{"name":"polygon","all_points_x":[1763,1718,1700,1730,2135,2255,2258,2216,2004],"all_points_y":[674,695,772,850,927,901,832,731,701]},"region_attributes":{"name":"pill3"}},{"shape_attributes":{"name":"polygon","all_points_x":[1918,1903,1921,2004,2407,2448,2374,2305,2105],"all_points_y":[1467,1527,1607,1637,1467,1366,1291,1285,1375]},"region_attributes":{"name":"pill2"}},{"shape_attributes":{"name":"polygon","all_points_x":[1572,1512,1431,1384,1417,1572,1637,1700,1789,1688],"all_points_y":[1971,1930,1956,2037,2117,2395,2469,2466,2383,2150]},"region_attributes":{"name":"pill1"}}],"file_attributes":{}},"pill9.JPG2714601":{"filename":"pill9.JPG","size":2714601,"regions":[{"shape_attributes":{"name":"circle","cx":1211,"cy":1264,"r":268},"region_attributes":{"name":"pill4"}},{"shape_attributes":{"name":"circle","cx":2654,"cy":2165,"r":192},"region_attributes":{"name":"pill5"}},{"shape_attributes":{"name":"polygon","all_points_x":[2049,1748,1727,1757,1828,1897,2210,2228,2162,2091],"all_points_y":[1545,1876,1935,2013,2049,2028,1712,1596,1542,1536]},"region_attributes":{"name":"pill3"}},{"shape_attributes":{"name":"polygon","all_points_x":[2454,2359,2317,2329,2502,2708,2788,2869,2908,2863,2654],"all_points_y":[519,531,588,686,799,919,936,895,817,737,617]},"region_attributes":{"name":"pill2"}},{"shape_attributes":{"name":"polygon","all_points_x":[1223,981,880,874,936,1318,1393,1455,1473,1452,1330],"all_points_y":[2183,2126,2177,2302,2353,2463,2475,2434,2347,2281,2225]},"region_attributes":{"name":"pill1"}}],"file_attributes":{}},"pill10.JPG3119550":{"filename":"pill10.JPG","size":3119550,"regions":[{"shape_attributes":{"name":"circle","cx":1464,"cy":1241,"r":237},"region_attributes":{"name":"pill4"}},{"shape_attributes":{"name":"circle","cx":2222,"cy":1032,"r":169},"region_attributes":{"name":"pill5"}},{"shape_attributes":{"name":"polygon","all_points_x":[1172,1074,1014,1017,1312,1402,1464,1443,1288],"all_points_y":[1983,1971,2049,2147,2422,2428,2368,2264,2102]},"region_attributes":{"name":"pill5"}},{"shape_attributes":{"name":"polygon","all_points_x":[2135,2108,2138,2228,2598,2633,2606,2565,2487,2317],"all_points_y":[1947,2025,2097,2129,1932,1867,1792,1763,1757,1846]},"region_attributes":{"name":"pill1"}},{"shape_attributes":{"name":"polygon","all_points_x":[2753,2690,2669,2708,3122,3203,3230,3230,3200,2967],"all_points_y":[1259,1303,1378,1443,1551,1536,1485,1417,1366,1300]},"region_attributes":{"name":"pill2"}}],"file_attributes":{}}}